Name,Last,Chg.,Chg.%,Vol.,Daily,Week_1,Month_1,YTD,Year_1,Years_3
3M,106.22,+0.89,+0.84%,398000000,0.84%,1.67%,1.06%,-11.42%,-26.35%,-28.52%
Abbott Labs,110.47,+0.97,+0.89%,482000000,0.89%,-1.07%,9.10%,0.62%,-2.67%,22.95%
AbbVie,151.12,+2.25,+1.51%,712000000,1.51%,-6.95%,-5.18%,-6.49%,2.89%,82.42%
Accenture,280.29,+4.84,+1.76%,208000000,1.76%,1.43%,-1.93%,5.04%,-6.68%,55.64%
Activision Blizzard,77.71,+0.10,+0.13%,982000000,0.13%,-9.14%,-9.21%,1.52%,2.79%,20.07%
Adobe,377.56,+6.14,+1.65%,203000000,1.65%,-0.03%,-2.03%,12.19%,-4.64%,9.81%
ADP,220.00,+3.84,+1.78%,243000000,1.78%,2.23%,-1.18%,-7.90%,0.83%,56.67%
Advance Auto Parts,125.53,+0.63,+0.50%,67513000,0.50%,-2.09%,3.22%,-14.62%,-37.12%,7.67%
Aflac,69.85,+0.38,+0.55%,412000000,0.55%,5.87%,8.26%,-2.91%,21.94%,90.74%
Agilent Technologies,135.43,+2.18,+1.64%,194000000,1.64%,-2.22%,-2.10%,-9.50%,13.55%,82.50%
AIG,53.04,+0.90,+1.73%,350000000,1.73%,2.89%,5.32%,-16.13%,-9.35%,121.92%
Air Products,294.36,+2.98,+1.02%,93023000,1.02%,1.30%,2.49%,-4.51%,25.76%,32.45%
Akamai,81.97,+0.25,+0.31%,115000000,0.31%,1.27%,4.69%,-2.76%,-27.00%,-14.49%
Alaska Air,43.46,+0.49,+1.14%,189000000,1.14%,-2.14%,3.57%,1.21%,-20.10%,44.34%
Albemarle,185.46,-0.54,-0.29%,252000000,-0.29%,6.74%,-16.10%,-14.48%,-3.82%,222.88%
Alexandria RE,124.18,+1.46,+1.19%,120000000,1.19%,-0.21%,-1.12%,-14.75%,-31.83%,-17.76%
Align,325.30,+7.57,+2.38%,110000000,2.38%,-8.40%,-2.65%,54.24%,12.21%,60.04%
Allegion PLC,110.48,-0.96,-0.86%,123000000,-0.86%,7.27%,3.51%,4.96%,-3.29%,13.34%
Alliant Energy,55.14,+0.04,+0.07%,162000000,0.07%,-0.27%,3.26%,-0.13%,-6.24%,16.70%
Allstate,115.76,+0.51,+0.44%,223000000,0.44%,-0.02%,4.47%,-14.63%,-8.52%,16.06%
Alphabet A,107.34,-0.25,-0.23%,3373000000,-0.23%,1.83%,3.48%,21.66%,-5.93%,62.96%
Alphabet C,108.22,-0.15,-0.14%,2388000000,-0.14%,2.18%,4.06%,21.97%,-5.87%,63.90%
Altria,47.51,+0.32,+0.68%,1097000000,0.68%,2.95%,6.48%,3.94%,-14.50%,25.32%
Amazon.com,105.45,-4.37,-3.98%,12876000000,-3.98%,-1.41%,2.09%,25.54%,-15.15%,-7.74%
AMD,89.37,+1.93,+2.21%,5041000000,2.21%,1.06%,-8.82%,37.98%,4.50%,79.17%
Ameren,88.97,-0.75,-0.84%,85430000,-0.84%,-1.10%,2.99%,0.06%,-4.23%,24.52%
American Airlines,13.64,+0.76,+5.90%,4492000000,5.90%,1.79%,-7.53%,7.23%,-27.33%,28.20%
American Electric Power,92.42,-0.39,-0.42%,262000000,-0.42%,-1.60%,1.57%,-2.66%,-6.75%,13.55%
American Express,161.34,+2.89,+1.82%,238000000,1.82%,-1.49%,-2.19%,9.20%,-7.65%,82.68%
American Tower,204.39,-1.25,-0.61%,208000000,-0.61%,0.12%,0.02%,-3.53%,-15.20%,-12.73%
American Water Works,148.25,-0.21,-0.14%,77004000,-0.14%,-1.78%,1.20%,-2.74%,-3.78%,24.37%
Ameriprise Financial,305.12,+2.71,+0.90%,59321000,0.90%,-2.86%,-0.45%,-2.01%,14.93%,174.24%
AmerisourceBergen,166.85,-0.56,-0.33%,98582000,-0.33%,0.07%,4.21%,0.69%,10.28%,93.16%
Ametek,137.93,+0.56,+0.41%,141000000,0.41%,0.25%,-5.09%,-1.28%,9.24%,71.36%
Amgen,239.74,-0.60,-0.25%,272000000,-0.25%,-1.69%,-0.83%,-8.72%,2.81%,3.79%
Amphenol,75.47,+0.68,+0.91%,331000000,0.91%,-1.78%,-7.65%,-0.88%,5.55%,76.54%
Analog Devices,179.88,+2.26,+1.27%,317000000,1.27%,-3.47%,-8.79%,9.66%,16.52%,73.56%
ANSYS,313.92,-1.08,-0.34%,49368000,-0.34%,-2.98%,-5.67%,29.94%,13.87%,22.80%
AO Smith,68.29,-0.27,-0.39%,327000000,-0.39%,-0.71%,-1.24%,19.30%,16.87%,63.96%
Aon,325.18,-7.07,-2.13%,145000000,-2.13%,-2.52%,3.14%,8.34%,12.91%,82.47%
APA Corp,36.85,+1.19,+3.34%,374000000,3.34%,-1.02%,2.19%,-21.06%,-9.97%,226.68%
Apple,169.68,+1.27,+0.75%,5488000000,0.75%,2.82%,2.90%,30.59%,7.63%,134.79%
Applied Materials,113.03,+1.35,+1.21%,806000000,1.21%,-0.38%,-7.98%,16.07%,2.43%,141.05%
Aptiv,102.86,+1.21,+1.19%,140000000,1.19%,-2.31%,-8.32%,10.45%,-3.33%,56.44%
Arch Capital,75.07,+1.19,+1.61%,220000000,1.61%,4.73%,10.61%,19.58%,64.37%,224.84%
Archer-Daniels-Midland,78.08,+0.07,+0.09%,345000000,0.09%,-3.01%,-1.98%,-15.91%,-12.82%,122.32%
Arista Networks,160.16,+3.40,+2.17%,239000000,2.17%,2.75%,-4.59%,31.98%,38.58%,208.53%
Arthur J Gallagher,208.06,-0.99,-0.47%,168000000,-0.47%,0.14%,8.76%,10.35%,23.49%,168.43%
Assurant,123.13,+3.17,+2.64%,47774000,2.64%,5.01%,2.55%,-1.54%,-32.30%,20.34%
AT&T,17.67,+0.06,+0.34%,4050000000,0.34%,-3.02%,-8.21%,-4.02%,-6.31%,-21.71%
Atmos Energy,114.14,-0.80,-0.70%,67592000,-0.70%,-1.07%,1.58%,1.85%,0.65%,14.03%
Autodesk,194.79,+4.68,+2.46%,113000000,2.46%,0.36%,-6.42%,4.24%,2.91%,11.37%
AutoZone,158.69,+2.58,+0.10%,10569000,0.10%,-0.68%,8.35%,7.99%,36.20%,167.82%
AvalonBay,180.37,+2.72,+1.53%,110000000,1.53%,4.06%,7.32%,11.67%,-20.71%,13.84%
Avery Dennison,174.48,+5.02,+2.96%,73515000,2.96%,-2.03%,-2.49%,-3.60%,-3.39%,61.45%
Baker Hughes,29.24,+0.40,+1.39%,537000000,1.39%,-1.42%,1.32%,-0.98%,-5.74%,113.43%
Ball,53.18,+0.47,+0.89%,114000000,0.89%,2.09%,-3.50%,3.99%,-34.48%,-18.95%
Bank of America,29.28,+0.39,+1.35%,4491000000,1.35%,-1.98%,2.38%,-11.59%,-17.94%,26.86%
Bank of NY Mellon,42.59,+0.58,+1.38%,367000000,1.38%,-3.31%,-6.27%,-6.44%,1.26%,18.31%
Bath & Body Works,35.10,+0.33,+0.95%,321000000,0.95%,-1.49%,-4.05%,-16.71%,-33.64%,261.92%
Baxter,47.68,+0.88,+1.88%,595000000,1.88%,5.28%,17.55%,-6.45%,-32.90%,-45.72%
Becton Dickinson,264.31,+1.01,+0.38%,141000000,0.38%,1.19%,6.77%,3.94%,6.93%,4.94%
Berkshire Hathaway B,328.55,+2.32,+0.71%,288000000,0.71%,1.30%,6.41%,6.36%,1.77%,79.86%
Best Buy,74.52,+0.99,+1.35%,165000000,1.35%,2.42%,-4.79%,-7.09%,-17.14%,3.13%
Bio-Rad Labs,450.79,+14.34,+3.29%,14810000,3.29%,-3.52%,-5.89%,7.21%,-11.97%,4.40%
Bio-Techne,79.88,+2.18,+2.81%,80648000,2.81%,-4.30%,7.67%,-3.62%,-15.84%,40.44%
Biogen,304.23,+10.51,+3.58%,195000000,3.58%,3.48%,9.42%,9.86%,46.66%,3.80%
BlackRock,671.20,+8.52,+1.29%,52870000,1.29%,-1.43%,0.31%,-5.28%,7.45%,38.63%
Boeing,206.78,+0.74,+0.36%,370000000,0.36%,0.79%,-2.66%,8.55%,38.93%,55.04%
Booking,193.55,+46.87,+1.78%,29512000,1.78%,-0.04%,1.28%,33.30%,21.54%,85.42%
BorgWarner,48.13,+0.49,+1.03%,163000000,1.03%,-1.74%,-2.00%,19.58%,30.68%,77.21%
Boston Properties,53.36,+0.54,+1.02%,148000000,1.02%,2.38%,-1.40%,-21.04%,-54.63%,-42.58%
Boston Scientific,52.12,+0.09,+0.17%,1335000000,0.17%,1.98%,4.18%,12.64%,23.77%,44.82%
Bristol-Myers Squibb,66.77,-0.84,-1.24%,1069000000,-1.24%,-5.28%,-3.66%,-7.20%,-11.29%,10.80%
Broadcom,626.50,+8.09,+1.31%,162000000,1.31%,-1.01%,-2.34%,12.05%,13.01%,141.24%
Broadridge,145.41,+1.90,+1.32%,58723000,1.32%,1.20%,-0.79%,8.41%,0.89%,28.61%
Brown Forman,65.09,-0.19,-0.29%,148000000,-0.29%,1.75%,1.28%,-0.90%,-3.48%,6.67%
Brown&Brown,64.39,+0.35,+0.55%,173000000,0.55%,4.87%,12.14%,13.02%,3.89%,83.66%
Bunge,93.60,+0.91,+0.98%,69326000,0.98%,-1.58%,-2.01%,-6.18%,-17.26%,147.03%
Cadence Design,209.45,+1.59,+0.76%,200000000,0.76%,-1.67%,-0.30%,30.38%,38.85%,176.17%
Caesars,45.29,+1.88,+4.33%,231000000,4.33%,2.81%,-7.21%,8.87%,-31.67%,140.39%
Camden Property,110.05,+3.52,+3.30%,76205000,3.30%,3.05%,4.97%,-1.64%,-29.86%,29.27%
Campbell Soup,54.30,-0.68,-1.24%,195000000,-1.24%,1.17%,-1.24%,-4.32%,14.99%,7.72%
Capital One Financial,97.30,+1.31,+1.36%,534000000,1.36%,0.74%,1.19%,4.67%,-21.92%,58.01%
Cardinal Health,82.10,+0.02,+0.02%,253000000,0.02%,2.52%,8.74%,6.80%,41.43%,73.13%
CarMax,70.03,-0.37,-0.53%,131000000,-0.53%,1.26%,8.95%,15.01%,-18.36%,-1.46%
Carnival Corp,9.21,+0.31,+3.48%,3405000000,3.48%,-1.81%,-9.26%,14.27%,-46.76%,-33.88%
Carrier Global,41.82,+0.36,+0.87%,599000000,0.87%,-7.52%,-8.59%,1.38%,9.28%,149.37%
Catalent Inc,50.12,+3.17,+6.75%,606000000,6.75%,11.30%,-23.73%,11.35%,-44.66%,-24.76%
Caterpillar,218.80,+4.47,+2.09%,466000000,2.09%,-0.67%,-4.39%,-8.67%,3.92%,97.33%
Cboe Global,139.70,+1.50,+1.09%,55335000,1.09%,0.14%,4.07%,11.34%,23.65%,48.60%
CBRE A,76.66,+0.52,+0.68%,208000000,0.68%,6.68%,5.29%,-0.39%,-7.68%,93.10%
CDW Corp,169.59,+1.56,+0.93%,113000000,0.93%,3.96%,-12.98%,-5.03%,3.93%,58.76%
Celanese,106.24,+3.53,+3.44%,125000000,3.44%,1.57%,-2.43%,3.91%,-27.70%,33.96%
Centene,68.93,+0.43,+0.63%,276000000,0.63%,4.46%,9.05%,-15.95%,-14.43%,6.10%
CenterPoint Energy,30.47,-0.35,-1.14%,367000000,-1.14%,-0.20%,3.43%,1.60%,-0.46%,85.12%
Ceridian HCM,63.48,-0.35,-0.55%,288000000,-0.55%,-5.28%,-13.30%,-1.04%,13.09%,11.96%
CF Industries,71.58,+1.47,+2.10%,258000000,2.10%,-3.84%,-1.26%,-15.99%,-26.08%,169.00%
CH Robinson,100.87,+1.19,+1.19%,210000000,1.19%,3.57%,1.51%,10.17%,-4.97%,42.41%
Charles River Laboratories,190.12,+6.41,+3.49%,57848000,3.49%,-5.37%,-5.80%,-12.75%,-21.28%,37.18%
Charles Schwab,52.24,+0.51,+0.99%,1277000000,0.99%,-2.90%,-0.27%,-37.26%,-21.24%,43.32%
Charter Communications,368.70,+25.95,+7.57%,287000000,7.57%,10.82%,3.10%,8.73%,-13.95%,-27.65%
Chevron,168.58,+1.63,+0.98%,1003000000,0.98%,-0.32%,3.32%,-6.08%,7.60%,88.48%
Chipotle Mexican Grill,139.44,+31.36,+1.54%,41016000,1.54%,14.87%,21.03%,49.02%,42.04%,136.32%
Chubb,201.56,+2.53,+1.27%,204000000,1.27%,0.18%,3.80%,-8.63%,-2.37%,98.41%
Church&Dwight,97.12,-0.18,-0.18%,246000000,-0.18%,6.01%,9.85%,20.48%,-0.45%,36.37%
Cigna,253.29,+2.96,+1.18%,111000000,1.18%,0.46%,-0.88%,-23.56%,2.64%,35.38%
Cincinnati Financial,106.44,+2.83,+2.73%,109000000,2.73%,0.62%,-5.03%,3.96%,-13.22%,74.63%
Cintas,455.77,+4.95,+1.10%,27965000,1.10%,-0.89%,-1.49%,0.92%,14.73%,115.18%
Cisco,47.25,+0.69,+1.48%,1965000000,1.48%,0.47%,-9.61%,-0.82%,-3.53%,15.47%
Citigroup,47.07,+0.55,+1.18%,1515000000,1.18%,-4.00%,0.38%,4.07%,-2.36%,3.41%
Citizens Financial Group Inc,30.94,+0.85,+2.82%,1285000000,2.82%,7.43%,1.88%,-21.41%,-21.47%,44.44%
Clorox,165.62,-0.57,-0.34%,235000000,-0.34%,0.22%,4.66%,18.02%,15.44%,-14.06%
CME Group,185.77,+1.36,+0.74%,116000000,0.74%,-2.09%,-3.00%,10.47%,-15.31%,6.98%
CMS Energy,62.26,-0.24,-0.38%,238000000,-0.38%,1.02%,1.43%,-1.69%,-9.36%,11.28%
Coca-Cola,64.15,+0.47,+0.74%,1368000000,0.74%,0.16%,3.42%,0.85%,-0.71%,40.68%
Cognizant A,59.71,+0.50,+0.84%,337000000,0.84%,0.37%,-2.00%,4.41%,-26.19%,5.68%
Colgate-Palmolive,79.80,+1.87,+2.40%,961000000,2.40%,3.91%,6.19%,1.28%,3.57%,16.45%
Comcast,41.37,+1.10,+2.73%,2446000000,2.73%,9.62%,9.13%,18.30%,4.05%,11.87%
Comerica,43.37,+2.04,+4.94%,365000000,4.94%,-0.82%,-0.12%,-35.12%,-47.05%,32.10%
ConAgra Foods,37.96,+0.06,+0.16%,362000000,0.16%,1.36%,1.06%,-1.91%,8.67%,14.06%
ConocoPhillips,102.89,+1.66,+1.64%,664000000,1.64%,0.62%,3.71%,-12.81%,7.72%,162.88%
Consolidated Edison,98.47,-0.71,-0.72%,232000000,-0.72%,-0.58%,2.93%,3.32%,6.18%,27.47%
Constellation Brands A,229.47,+0.91,+0.40%,69517000,0.40%,1.34%,1.58%,-0.98%,-6.75%,42.03%
Constellation Energy,77.40,+0.65,+0.85%,223000000,0.85%,1.11%,-1.40%,-10.22%,30.72%,-65.23
Cooper,381.45,+3.29,+0.87%,17181000,0.87%,-1.02%,2.17%,15.36%,5.65%,36.08%
Copart,79.05,+1.29,+1.66%,157000000,1.66%,0.84%,5.11%,29.82%,39.11%,101.30%
Corning,33.22,+0.47,+1.44%,381000000,1.44%,-1.13%,-5.84%,4.01%,-5.60%,60.79%
Corteva,61.12,+0.45,+0.74%,298000000,0.74%,-0.59%,1.34%,3.98%,5.95%,139.78%
CoStar,76.95,-0.22,-0.29%,306000000,-0.29%,9.93%,11.76%,-0.43%,20.95%,23.59%
Costco,503.22,+1.95,+0.39%,116000000,0.39%,-0.62%,1.28%,10.23%,-5.36%,66.67%
Coterra Energy,25.60,+0.44,+1.75%,726000000,1.75%,0.55%,4.32%,4.19%,-11.08%,26.61%
Crown Castle,123.09,+0.12,+0.10%,224000000,0.10%,-2.29%,-8.03%,-9.25%,-33.54%,-21.30%
CSX,30.64,+0.25,+0.82%,1203000000,0.82%,-3.71%,2.34%,-1.10%,-10.77%,41.39%
Cummins,235.04,+4.15,+1.80%,75538000,1.80%,0.93%,-1.61%,-2.99%,24.23%,49.30%
CVS Health Corp,73.31,+0.25,+0.34%,799000000,0.34%,0.65%,-1.35%,-21.33%,-23.74%,22.80%
Danaher,236.91,+5.49,+2.37%,469000000,2.37%,-6.29%,-6.00%,-10.74%,-5.66%,47.36%
Darden Restaurants,151.93,+0.73,+0.48%,73969000,0.48%,0.05%,-2.08%,9.83%,15.33%,117.51%
DaVita,90.36,+2.35,+2.67%,69209000,2.67%,5.05%,11.40%,21.01%,-16.62%,18.10%
Deere&Company,378.02,+6.17,+1.66%,199000000,1.66%,-2.24%,-8.44%,-11.83%,0.12%,173.55%
Delta Air Lines,34.31,+0.98,+2.94%,1109000000,2.94%,-0.06%,-1.75%,4.41%,-20.26%,42.25%
Dentsply,41.93,+0.57,+1.38%,191000000,1.38%,2.04%,6.75%,31.69%,4.85%,4.07%
Devon Energy,53.43,+1.18,+2.26%,765000000,2.26%,-0.37%,5.57%,-13.14%,-8.15%,397.02%
DexCom,121.34,-2.24,-1.81%,389000000,-1.81%,-1.93%,4.44%,7.15%,18.80%,42.12%
Diamondback,142.20,+4.14,+3.00%,164000000,3.00%,0.79%,5.20%,3.96%,16.74%,253.03%
Digital,99.15,-2.60,-2.56%,383000000,-2.56%,2.60%,0.85%,-1.12%,-32.14%,-32.05%
Discover,103.47,+1.48,+1.45%,149000000,1.45%,-1.94%,4.68%,5.77%,-7.99%,150.11%
DISH Network,7.51,+0.19,+2.60%,699000000,2.60%,-0.92%,-19.51%,-46.51%,-73.66%,-68.70%
Dollar General,221.46,-0.09,-0.04%,134000000,-0.04%,1.48%,5.23%,-10.07%,-6.77%,28.01%
Dollar Tree,153.71,+0.34,+0.22%,120000000,0.22%,1.80%,7.08%,8.68%,-5.38%,98.62%
Dominion Energy,57.14,-0.21,-0.37%,310000000,-0.37%,-0.99%,2.20%,-6.82%,-30.01%,-24.43%
Domino’s Pizza Inc,317.47,+0.33,+0.10%,91659000,0.10%,-3.95%,-3.76%,-8.35%,-6.07%,-11.15%
Dover,146.16,+1.58,+1.09%,113000000,1.09%,-1.03%,-3.80%,7.94%,9.65%,59.79%
Dow,54.40,+0.90,+1.68%,601000000,1.68%,-0.86%,-0.77%,7.96%,-18.20%,60.33%
DR Horton,109.82,+1.48,+1.37%,199000000,1.37%,3.04%,12.42%,23.20%,57.81%,135.97%
DTE Energy,112.41,-1.04,-0.92%,109000000,-0.92%,-1.13%,2.62%,-4.36%,-14.22%,11.65%
Duke Energy,98.88,-0.59,-0.59%,199000000,-0.59%,0.53%,2.50%,-3.99%,-10.24%,19.65%
DuPont De Nemours,69.72,+1.02,+1.48%,340000000,1.48%,-0.24%,-2.86%,1.59%,5.75%,54.69%
DXC Technology,23.85,+0.50,+2.14%,141000000,2.14%,-1.16%,-6.69%,-10.00%,-16.90%,42.05%
Eastman Chemical,84.27,+3.71,+4.61%,178000000,4.61%,3.61%,-0.08%,3.47%,-17.92%,40.40%
Eaton,167.12,-0.85,-0.51%,213000000,-0.51%,2.60%,-2.46%,6.48%,15.24%,103.63%
eBay,46.43,+0.87,+1.91%,670000000,1.91%,7.70%,4.64%,11.96%,-10.57%,18.29%
Ecolab,167.84,+1.68,+1.01%,120000000,1.01%,1.35%,1.40%,15.31%,-0.89%,-11.66%
Edison,73.60,+0.03,+0.04%,165000000,0.04%,0.92%,4.26%,15.69%,6.99%,32.16%
Edwards Lifesciences,87.98,+1.26,+1.45%,329000000,1.45%,1.66%,6.35%,17.92%,-16.83%,26.08%
Electronic Arts,127.28,+0.77,+0.61%,183000000,0.61%,-1.42%,5.67%,4.17%,7.82%,12.37%
Elevance Health,468.65,+3.25,+0.70%,108000000,0.70%,3.97%,1.92%,-8.64%,-6.63%,73.85%
Eli Lilly,395.86,+5.51,+1.41%,534000000,1.41%,2.76%,15.27%,8.21%,35.51%,157.67%
Emerson,83.26,+0.43,+0.52%,302000000,0.52%,-2.73%,-4.45%,-13.33%,-7.67%,54.79%
Enphase,164.20,+0.02,+0.01%,782000000,0.01%,-26.57%,-21.91%,-38.03%,1.73%,279.65%
Entergy,107.58,+0.40,+0.37%,130000000,0.37%,-0.98%,-0.15%,-4.37%,-9.48%,14.97%
EOG Resources,119.47,+3.63,+3.13%,272000000,3.13%,1.84%,4.22%,-7.76%,5.01%,168.05%
EPAM Systems,282.44,+3.19,+1.14%,48305000,1.14%,0.61%,-5.54%,-13.82%,6.59%,30.56%
EQT,34.84,+1.30,+3.88%,917000000,3.88%,6.90%,9.18%,2.99%,-12.35%,142.45%
Equifax,208.38,+2.66,+1.29%,80979000,1.29%,2.77%,2.73%,7.21%,2.39%,51.12%
Equinix,724.08,+4.24,+0.59%,36899000,0.59%,1.55%,0.42%,10.54%,0.70%,7.93%
Equity Residential,63.25,+1.44,+2.33%,333000000,2.33%,3.18%,5.42%,7.20%,-22.39%,1.51%
Essex Property,219.73,+8.27,+3.91%,59247000,3.91%,3.44%,5.06%,3.69%,-33.27%,-7.21%
Estee Lauder,246.72,+1.05,+0.43%,125000000,0.43%,-3.71%,0.11%,-0.56%,-6.57%,42.99%
Etsy Inc,101.03,+0.54,+0.54%,253000000,0.54%,-1.00%,-9.25%,-15.65%,8.41%,56.77%
Everest,378.00,+4.13,+1.10%,24961000,1.10%,1.99%,5.58%,14.11%,37.60%,129.08%
Evergy,62.11,-0.42,-0.67%,94954000,-0.67%,-1.44%,1.62%,-1.30%,-8.46%,11.07%
Eversource Energy,77.61,-0.37,-0.47%,230000000,-0.47%,-1.56%,-0.83%,-7.43%,-11.20%,-2.83%
Exelon,42.44,-0.34,-0.79%,1130000000,-0.79%,-1.80%,1.31%,-1.83%,-9.28%,18.55%
Expedia,93.96,+1.55,+1.68%,166000000,1.68%,0.17%,-3.16%,7.26%,-46.23%,39.63%
Expeditors Washington,113.84,+2.24,+2.01%,187000000,2.01%,2.34%,3.38%,9.55%,14.91%,59.53%
Extra Space Storage,152.04,+0.92,+0.61%,97417000,0.61%,0.58%,-6.68%,3.30%,-19.98%,74.44%
Exxon Mobil,118.34,+1.51,+1.29%,2434000000,1.29%,2.01%,7.92%,7.29%,38.82%,174.32%
F5 Networks,134.36,+2.30,+1.74%,52208000,1.74%,0.25%,-7.78%,-6.38%,-19.74%,-0.69%
FactSet Research,411.69,+1.53,+0.37%,22127000,0.37%,-2.32%,-0.82%,2.61%,2.03%,52.80%
Fair Isaac,727.95,-6.73,-0.92%,41233000,-0.92%,1.21%,3.59%,21.61%,94.89%,116.26%
Fastenal,53.84,-0.10,-0.19%,434000000,-0.19%,-1.77%,-0.19%,13.78%,-2.66%,50.81%
Federal Realty,98.89,+2.14,+2.21%,122000000,2.21%,1.66%,0.06%,-2.13%,-15.52%,26.10%
FedEx,227.78,+1.84,+0.81%,160000000,0.81%,-1.15%,-0.31%,31.51%,14.61%,92.71%
Fidelity National Info,58.72,+2.41,+4.28%,582000000,4.28%,4.34%,8.08%,-13.46%,-40.78%,-54.58%
Fifth Third,26.20,+0.36,+1.39%,643000000,1.39%,-4.66%,-1.65%,-20.15%,-30.19%,47.44%
First Republic Bank,3.51,-2.68,-43.30%,13472000000,-43.30%,-75.39%,-74.91%,-97.12%,-97.65%,-96.51%
First Solar,182.58,-18.25,-9.09%,1031000000,-9.09%,-15.82%,-16.06%,21.89%,150.01%,334.92%
FirstEnergy,39.80,-1.32,-3.21%,530000000,-3.21%,-1.99%,-0.65%,-5.10%,-8.10%,-2.55%
Fiserv,122.12,+2.52,+2.11%,277000000,2.11%,4.41%,8.04%,20.83%,24.71%,21.82%
FleetCor,213.92,+1.77,+0.83%,56792000,0.83%,-1.34%,1.46%,16.46%,-14.27%,-8.12%
FMC,123.58,+1.80,+1.48%,93680000,1.48%,0.29%,1.19%,-0.98%,-6.76%,37.43%
Ford Motor,11.88,+0.27,+2.33%,5462000000,2.33%,0.59%,-5.71%,2.15%,-16.10%,141.46%
Fortinet,63.05,-0.01,-0.02%,560000000,-0.02%,-5.59%,-5.13%,28.96%,9.08%,202.11%
Fortive,63.09,-0.51,-0.80%,289000000,-0.80%,-5.54%,-7.45%,-1.81%,9.72%,3.85%
Fox Corp A,33.26,+0.40,+1.22%,378000000,1.22%,-1.07%,-2.32%,9.52%,-7.20%,30.79%
Fox Corp B,30.54,+0.39,+1.29%,124000000,1.29%,-0.91%,-2.46%,7.35%,-8.12%,22.06%
Franklin Resources,26.88,+0.26,+0.98%,637000000,0.98%,0.71%,-0.22%,1.90%,9.31%,49.08%
Freeport-McMoran,37.91,+0.44,+1.17%,944000000,1.17%,-4.41%,-7.33%,-0.24%,-6.51%,348.11%
Garmin,98.17,+1.23,+1.27%,56949000,1.27%,0.45%,-2.72%,6.37%,-10.54%,23.00%
Gartner,302.46,+0.03,+0.01%,64815000,0.01%,-0.09%,-7.16%,-10.02%,4.10%,163.19%
GE HealthCare,81.34,-0.18,-0.22%,162000000,-0.22%,-5.94%,-0.84%,39.33%,15.58%,-7.58%
Gen Digital,17.67,-0.08,-0.45%,291000000,-0.45%,0.11%,2.97%,-17.55%,-29.43%,-15.29%
Generac,102.22,+2.62,+2.63%,98292000,2.63%,-0.54%,-5.36%,1.55%,-53.41%,9.57%
General Dynamics,218.34,+2.65,+1.23%,219000000,1.23%,-2.97%,-4.32%,-12.00%,-7.69%,70.85%
General Electric,98.97,+0.91,+0.93%,500000000,0.93%,-0.54%,3.53%,51.38%,70.14%,143.89%
General Mills,88.63,-0.16,-0.18%,238000000,-0.18%,1.35%,3.71%,5.70%,25.31%,48.76%
General Motors,33.04,+0.32,+0.98%,1549000000,0.98%,-1.52%,-9.92%,-1.78%,-12.85%,58.09%
Genuine Parts,168.31,+0.70,+0.42%,76647000,0.42%,1.07%,0.60%,-3.00%,29.42%,123.85%
Gilead,82.21,-1.34,-1.60%,1068000000,-1.60%,-5.04%,-0.92%,-4.24%,38.54%,2.83%
Global Payments,112.71,+3.06,+2.79%,326000000,2.79%,3.51%,7.10%,13.48%,-17.72%,-30.27%
Globe Life,108.52,+1.22,+1.14%,53310000,1.14%,0.84%,-1.36%,-9.98%,10.64%,35.67%
Goldman Sachs,343.44,+1.84,+0.54%,170000000,0.54%,0.52%,4.99%,0.02%,12.42%,93.92%
Halliburton,32.75,+0.75,+2.34%,833000000,2.34%,-1.95%,3.51%,-16.77%,-8.06%,235.55%
Hartford,70.99,+1.08,+1.54%,174000000,1.54%,2.09%,1.87%,-6.38%,1.52%,98.91%
Hasbro,59.22,+0.99,+1.70%,342000000,1.70%,14.57%,10.30%,-2.93%,-32.75%,-13.84%
HCA,287.33,+4.89,+1.73%,121000000,1.73%,2.18%,8.97%,19.74%,33.92%,174.01%
Healthpeak Properties,21.97,+0.76,+3.58%,338000000,3.58%,3.98%,0.00%,-12.37%,-33.04%,-12.64%
Henry Schein,80.81,-0.38,-0.47%,73134000,-0.47%,-4.54%,-0.90%,1.18%,-0.36%,54.96%
Hershey Co,273.06,-0.27,-0.10%,113000000,-0.10%,4.68%,7.33%,17.92%,20.95%,106.02%
Hess,145.06,+3.58,+2.53%,115000000,2.53%,0.85%,9.61%,2.28%,40.74%,227.60%
Hewlett Packard,14.32,+0.06,+0.42%,875000000,0.42%,-0.97%,-10.11%,-10.28%,-7.07%,51.05%
Hilton Worldwide,144.02,+2.28,+1.61%,204000000,1.61%,-2.70%,2.24%,13.98%,-7.26%,99.94%
Hologic,86.01,+1.36,+1.61%,111000000,1.61%,2.32%,6.58%,14.97%,19.47%,74.11%
Home Depot,300.54,+6.61,+2.25%,406000000,2.25%,0.17%,1.84%,-4.85%,0.05%,37.50%
Honeywell,199.84,+1.23,+0.62%,285000000,0.62%,1.92%,4.56%,-6.75%,3.27%,45.60%
Hormel Foods,40.44,+0.03,+0.07%,394000000,0.07%,1.48%,1.40%,-11.22%,-22.81%,-13.22%
Host Hotels Resorts,16.17,+0.26,+1.63%,619000000,1.63%,-0.31%,-1.94%,0.75%,-20.54%,41.35%
Howmet,44.29,+0.56,+1.28%,327000000,1.28%,3.17%,4.53%,12.38%,29.81%,253.19%
HP Inc,29.71,-0.01,-0.03%,671000000,-0.03%,0.78%,1.23%,10.57%,-18.89%,101.97%
Humana,530.49,+5.21,+0.99%,76252000,0.99%,8.00%,9.28%,3.57%,19.33%,42.51%
Huntington Bancshares,11.20,+0.05,+0.45%,1724000000,0.45%,-2.10%,0.00%,-20.57%,-14.83%,30.69%
Huntington Ingalls Industries,201.66,+0.28,+0.14%,22953000,0.14%,-3.38%,-2.59%,-12.58%,-5.21%,8.61%
IBM,126.41,-0.56,-0.44%,506000000,-0.44%,0.54%,-3.57%,-10.28%,-4.39%,3.73%
ICE,108.93,+1.51,+1.41%,211000000,1.41%,0.54%,4.45%,6.18%,-5.94%,22.85%
IDEX,206.32,-1.51,-0.73%,69504000,-0.73%,-5.25%,-10.70%,-9.64%,8.69%,36.37%
IDEXX Labs,492.16,+7.54,+1.56%,36557000,1.56%,-0.70%,-1.58%,20.64%,14.33%,81.78%
IFF,96.96,+1.76,+1.85%,176000000,1.85%,0.60%,5.44%,-7.52%,-20.07%,-23.43%
Illinois Tool Works,241.94,+1.38,+0.57%,144000000,0.57%,2.43%,-0.62%,9.82%,22.74%,51.73%
Illumina,205.56,+1.17,+0.57%,101000000,0.57%,-9.72%,-11.61%,1.66%,-30.71%,-32.80%
Incyte,74.41,+0.76,+1.03%,128000000,1.03%,-0.24%,2.96%,-7.36%,-0.73%,-23.53%
Ingersoll Rand,57.02,+0.02,+0.04%,246000000,0.04%,3.04%,-1.99%,9.13%,29.71%,102.70%
Insulet,318.04,+1.81,+0.57%,33239000,0.57%,-0.39%,-0.29%,8.03%,33.08%,63.19%
Intel,31.06,+1.20,+4.02%,7994000000,4.02%,2.51%,-4.93%,17.52%,-28.75%,-45.95%
International Paper,33.11,+0.10,+0.30%,420000000,0.30%,-8.13%,-8.18%,-4.39%,-28.46%,-2.36%
Intuit,443.95,+14.79,+3.45%,252000000,3.45%,-0.55%,-0.42%,14.06%,6.02%,70.01%
Intuitive Surgical,301.22,+5.30,+1.79%,191000000,1.79%,0.33%,17.91%,13.52%,25.88%,81.15%
Invesco,17.13,-0.10,-0.58%,355000000,-0.58%,0.35%,4.45%,-4.78%,-6.80%,114.39%
Invitation Homes,33.37,+0.50,+1.52%,291000000,1.52%,0.24%,6.85%,12.58%,-16.20%,45.91%
IPG,35.73,+0.52,+1.48%,447000000,1.48%,-4.72%,-4.05%,7.27%,9.53%,117.47%
IQVIA Holdings,188.23,+4.57,+2.49%,180000000,2.49%,-6.96%,-5.36%,-8.13%,-13.65%,37.88%
Iron Mountain,55.24,+0.26,+0.47%,105000000,0.47%,2.47%,4.40%,10.81%,2.81%,134.07%
J&J,163.70,+0.70,+0.43%,600000000,0.43%,0.62%,5.61%,-7.33%,-9.29%,10.39%
Jack Henry&Associates,163.34,+3.67,+2.30%,92309000,2.30%,3.92%,8.37%,-6.96%,-13.84%,3.05%
Jacobs Engineering,115.46,-0.05,-0.04%,61142000,-0.04%,0.62%,-1.74%,-3.84%,-16.67%,42.93%
JB Hunt,175.29,+5.22,+3.07%,96679000,3.07%,-0.64%,-0.10%,0.53%,2.60%,73.79%
JM Smucker,154.41,+0.57,+0.37%,91057000,0.37%,2.10%,-1.88%,-2.56%,12.77%,33.68%
Johnson Controls,59.84,+0.47,+0.79%,274000000,0.79%,2.10%,-0.63%,-6.50%,-0.05%,114.79%
JPMorgan,138.24,+1.19,+0.87%,980000000,0.87%,-1.64%,6.09%,3.09%,15.82%,48.25%
Juniper,30.15,+0.57,+1.93%,432000000,1.93%,-3.70%,-12.41%,-5.66%,-4.35%,38.18%
Kellogg,69.77,+0.48,+0.69%,240000000,0.69%,3.59%,4.20%,-2.06%,1.85%,7.57%
Keurig Dr Pepper,32.70,-0.84,-2.50%,1926000000,-2.50%,-7.39%,-7.31%,-8.30%,-12.57%,26.25%
KeyCorp,11.26,+0.31,+2.83%,1956000000,2.83%,-2.85%,-10.06%,-35.36%,-41.69%,1.72%
Keysight Technologies,144.64,+2.75,+1.94%,195000000,1.94%,-2.51%,-10.43%,-15.45%,3.12%,54.13%
Kimberly-Clark,144.89,-1.49,-1.02%,217000000,-1.02%,2.35%,7.95%,6.73%,4.37%,5.93%
Kimco Realty,19.19,+0.20,+1.05%,468000000,1.05%,0.05%,-1.74%,-9.40%,-24.24%,81.04%
Kinder Morgan,17.15,+0.11,+0.66%,1469000000,0.66%,-1.27%,-2.06%,-5.14%,-5.51%,17.79%
KLA Corp,386.54,+1.90,+0.49%,133000000,0.49%,3.92%,-3.16%,2.52%,21.07%,157.23%
Kraft Heinz,39.27,-0.41,-1.03%,702000000,-1.03%,0.13%,1.55%,-3.54%,-7.88%,33.66%
Kroger,48.63,+0.29,+0.60%,497000000,0.60%,1.48%,-1.50%,9.08%,-9.88%,52.16%
L3Harris Technologies,195.15,-2.85,-1.44%,190000000,-1.44%,-3.41%,-0.56%,-6.27%,-15.98%,3.00%
Laboratory America,226.71,+2.02,+0.90%,53726000,0.90%,-2.70%,-1.18%,-3.72%,-5.65%,42.56%
Lam Research,524.08,+5.19,+1.00%,114000000,1.00%,1.33%,-1.14%,24.69%,12.52%,122.99%
Lamb Weston Holdings,111.81,+0.21,+0.19%,78232000,0.19%,1.32%,6.97%,25.12%,69.15%,91.62%
Las Vegas Sands,63.85,+1.63,+2.62%,468000000,2.62%,1.27%,11.14%,32.83%,80.21%,39.99%
Leidos,93.26,+1.20,+1.30%,119000000,1.30%,1.65%,1.30%,-11.34%,-9.90%,-4.73%
Lennar,112.81,+1.11,+0.99%,151000000,0.99%,1.45%,7.33%,24.65%,47.48%,128.08%
Lincoln National,21.73,+0.76,+3.62%,255000000,3.62%,3.67%,-3.29%,-29.26%,-63.87%,-33.10%
Linde PLC,369.45,+3.81,+1.04%,188000000,1.04%,0.88%,3.94%,13.27%,18.43%,104.87%
Live Nation Entertainment,67.78,+0.42,+0.62%,173000000,0.62%,1.19%,-3.17%,-2.81%,-35.37%,64.63%
LKQ,57.73,+0.47,+0.82%,107000000,0.82%,2.00%,1.71%,8.09%,16.32%,132.69%
Lockheed Martin,464.45,-0.55,-0.12%,104000000,-0.12%,-3.75%,-1.75%,-4.53%,7.48%,21.12%
Loews,57.57,+0.71,+1.25%,93543000,1.25%,2.00%,-0.78%,-1.30%,-8.39%,82.07%
Lowe’s,207.83,+3.30,+1.61%,242000000,1.61%,-1.52%,3.93%,4.31%,5.11%,98.96%
LyondellBasell Industries,94.61,+3.29,+3.60%,371000000,3.60%,0.83%,0.77%,13.95%,-10.77%,71.52%
M&T Bank,125.80,+1.71,+1.38%,142000000,1.38%,1.38%,5.21%,-13.28%,-24.51%,17.35%
Marathon Oil,24.16,+0.68,+2.90%,905000000,2.90%,0.29%,0.83%,-10.75%,-3.05%,339.27%
Marathon Petroleum,122.00,+0.57,+0.47%,534000000,0.47%,-1.24%,-9.52%,4.82%,39.81%,317.24%
MarketAxesss,318.37,+5.21,+1.66%,29707000,1.66%,-2.64%,-18.64%,14.16%,20.77%,-29.22%
Marriott Int,169.34,+3.95,+2.39%,165000000,2.39%,-2.91%,1.99%,13.73%,-4.61%,99.81%
Marsh McLennan,180.19,+0.74,+0.41%,213000000,0.41%,0.12%,8.19%,8.89%,11.43%,85.57%
Martin Marietta Materials,363.20,+5.15,+1.44%,34290000,1.44%,2.43%,2.29%,7.47%,2.54%,94.65%
Masco,53.51,+0.62,+1.17%,198000000,1.17%,5.36%,7.62%,14.66%,1.56%,33.64%
Mastercard,380.03,+6.36,+1.70%,310000000,1.70%,1.28%,4.57%,9.29%,4.58%,41.41%
Match Group,36.90,+1.91,+5.46%,665000000,5.46%,5.67%,-3.88%,-11.06%,-53.38%,-50.56%
McCormick&Co,87.85,+0.45,+0.51%,222000000,0.51%,2.53%,5.58%,5.98%,-12.65%,13.78%
McDonald’s,295.75,+1.03,+0.35%,283000000,0.35%,1.26%,5.77%,12.23%,18.70%,61.91%
McKesson,364.24,+0.43,+0.12%,91261000,0.12%,1.22%,2.30%,-2.90%,17.64%,170.41%
Medtronic,90.95,-0.43,-0.47%,728000000,-0.47%,6.09%,12.81%,17.02%,-12.85%,-4.40%
Merck&Co,115.47,+0.31,+0.27%,800000000,0.27%,0.09%,8.53%,4.07%,30.20%,55.91%
Meta Platforms,240.32,+1.76,+0.74%,3916000000,0.74%,12.88%,13.39%,99.70%,19.88%,18.81%
MetLife,61.33,+1.02,+1.69%,472000000,1.69%,1.93%,5.85%,-15.25%,-6.62%,76.85%
Mettler-Toledo,95.36,+34.92,+2.40%,8407000,2.40%,-4.35%,-2.53%,3.19%,16.75%,116.42%
MGM,44.92,+1.53,+3.53%,488000000,3.53%,0.09%,1.13%,33.97%,9.45%,199.27%
Microchip,72.99,+1.19,+1.66%,446000000,1.66%,-4.96%,-12.88%,3.90%,11.95%,79.07%
Micron,64.36,+2.46,+3.97%,1804000000,3.97%,5.28%,6.66%,28.77%,-5.62%,42.83%
Microsoft,307.26,+2.43,+0.80%,3598000000,0.80%,7.52%,6.58%,28.12%,10.72%,76.01%
Mid-America Apartment,153.80,+2.48,+1.64%,62761000,1.64%,2.44%,1.83%,-2.03%,-21.80%,40.29%
Moderna,132.89,+2.82,+2.17%,300000000,2.17%,-5.65%,-13.47%,-26.02%,-1.13%,177.26%
Mohawk Industries,105.90,+7.12,+7.21%,173000000,7.21%,9.24%,5.67%,3.60%,-24.93%,27.01%
Molina Healthcare,297.89,+0.97,+0.33%,50684000,0.33%,8.11%,11.36%,-9.79%,-4.96%,71.94%
Molson Coors Brewing B,59.48,+0.39,+0.66%,191000000,0.66%,1.99%,15.09%,15.45%,9.86%,52.83%
Mondelez,76.72,+2.90,+3.93%,1484000000,3.93%,7.57%,10.04%,15.11%,18.98%,51.32%
Monolithic,461.97,+13.36,+2.98%,41903000,2.98%,-0.22%,-7.71%,30.64%,17.78%,144.43%
Monster Beverage,56.00,+0.72,+1.30%,305000000,1.30%,5.52%,3.68%,10.31%,30.72%,88.17%
Moody’s,313.12,+1.72,+0.55%,57827000,0.55%,3.14%,2.32%,12.38%,-1.06%,29.47%
Morgan Stanley,89.97,+0.49,+0.54%,634000000,0.54%,-1.26%,2.47%,5.82%,11.64%,134.30%
Mosaic,42.85,+0.77,+1.83%,450000000,1.83%,-2.72%,-6.60%,-2.33%,-31.35%,284.30%
Motorola,291.40,-2.25,-0.77%,88694000,-0.77%,-0.46%,1.84%,13.07%,36.37%,109.90%
MSCI,482.45,+18.16,+3.91%,111000000,3.91%,-11.41%,-13.80%,3.71%,14.53%,50.79%
Nasdaq Inc,55.37,+0.55,+1.00%,212000000,1.00%,-2.81%,1.28%,-9.75%,5.55%,55.80%
NetApp,62.89,-0.55,-0.87%,197000000,-0.87%,-0.51%,-1.50%,4.71%,-14.14%,51.62%
Netflix,329.93,+4.08,+1.25%,421000000,1.25%,0.59%,-4.50%,11.89%,73.32%,-20.55%
Newell Brands,12.15,+0.27,+2.27%,758000000,2.27%,-0.65%,-2.33%,-7.11%,-47.52%,-1.06%
Newmont Goldcorp,47.40,-0.87,-1.80%,804000000,-1.80%,-0.46%,-3.30%,0.42%,-34.93%,-22.28%
News Corp,17.75,+0.40,+2.31%,86316000,2.31%,1.78%,1.84%,-3.74%,-10.85%,82.99%
News Corp A,17.61,+0.46,+2.68%,275000000,2.68%,1.91%,1.97%,-3.24%,-11.33%,85.86%
NextEra Energy,76.63,+0.78,+1.03%,1001000000,1.03%,-2.99%,-0.58%,-8.34%,7.90%,35.01%
Nike,126.72,+1.02,+0.81%,441000000,0.81%,0.95%,3.33%,8.30%,1.62%,48.14%
NiSource,28.46,-0.09,-0.32%,302000000,-0.32%,-0.63%,1.79%,3.79%,-2.27%,16.31%
Nordson,216.31,+0.23,+0.11%,44057000,0.11%,-1.16%,-2.68%,-9.01%,0.29%,37.04%
Norfolk Southern,203.03,+2.17,+1.08%,121000000,1.08%,-4.05%,-4.23%,-17.61%,-21.27%,18.92%
Northern Trust,78.16,+1.13,+1.47%,148000000,1.47%,-8.37%,-11.31%,-11.67%,-24.15%,3.56%
Northrop Grumman,461.27,+3.59,+0.78%,70810000,0.78%,-2.27%,-0.10%,-15.46%,4.98%,40.61%
Norwegian Cruise Line,13.35,+0.52,+4.05%,1984000000,4.05%,2.38%,-0.74%,9.07%,-33.35%,-3.54%
NRG,34.17,+0.48,+1.42%,190000000,1.42%,-0.67%,-0.35%,7.39%,-4.82%,3.64%
Nucor,148.18,-0.11,-0.07%,165000000,-0.07%,-3.43%,-4.07%,12.42%,-4.26%,261.41%
NVIDIA,277.49,+5.23,+1.92%,2909000000,1.92%,2.32%,-0.10%,89.88%,49.61%,292.54%
NVR,152.48,+40.5,+0.70%,1844000,0.70%,-1.42%,4.81%,26.61%,33.45%,92.30%
NXP,163.74,+2.55,+1.58%,297000000,1.58%,-3.58%,-12.19%,3.61%,-4.19%,71.46%
Occidental,61.53,+0.95,+1.57%,971000000,1.57%,-0.55%,-1.44%,-2.32%,11.69%,303.74%
Old Dominion Freight Line,320.39,+7.18,+2.29%,109000000,2.29%,-8.16%,-6.00%,12.90%,14.38%,117.91%
Omnicom,90.57,+0.31,+0.34%,202000000,0.34%,-3.49%,-4.00%,11.03%,18.97%,62.05%
ON Semiconductor,71.96,+1.98,+2.83%,1009000000,2.83%,-2.41%,-12.59%,15.38%,38.09%,375.93%
ONEOK,65.41,+1.07,+1.66%,196000000,1.66%,-1.34%,2.94%,-0.44%,3.28%,134.11%
Oracle,94.72,-0.32,-0.34%,848000000,-0.34%,-0.45%,1.94%,15.88%,29.05%,82.89%
Organon Co,24.63,+0.30,+1.23%,193000000,1.23%,2.16%,4.72%,-11.82%,-23.82%,-85.25
Otis Worldwide,85.30,-0.58,-0.68%,197000000,-0.68%,3.11%,1.07%,8.93%,17.11%,71.60%
O’Reilly Automotive,917.31,+1.64,+0.18%,35291000,0.18%,1.49%,8.05%,8.68%,51.23%,143.73%
PACCAR,74.69,+1.02,+1.38%,229000000,1.38%,2.11%,2.04%,13.20%,34.89%,65.39%
Packaging America,135.26,+1.95,+1.46%,64558000,1.46%,-5.56%,-2.57%,5.75%,-16.08%,42.75%
Paramount Global B,23.33,+0.25,+1.08%,385000000,1.08%,3.55%,4.57%,38.21%,-19.88%,41.74%
Parker-Hannifin,324.88,+1.58,+0.49%,69240000,0.49%,1.27%,-3.34%,11.64%,19.96%,112.23%
Paychex,109.86,+2.02,+1.87%,183000000,1.87%,0.31%,-4.13%,-4.93%,-13.31%,64.95%
Paycom Soft,290.37,+1.47,+0.51%,93754000,0.51%,-3.39%,-4.49%,-6.43%,3.16%,20.16%
PayPal Holdings Inc,76.00,+1.73,+2.33%,1072000000,2.33%,2.45%,0.08%,6.71%,-13.57%,-36.99%
Pentair,58.08,+0.55,+0.96%,371000000,0.96%,8.64%,5.08%,29.12%,14.44%,73.74%
PepsiCo,190.89,+1.20,+0.63%,456000000,0.63%,2.96%,4.71%,5.66%,11.17%,46.68%
PerkinElmer,130.49,+1.93,+1.50%,55335000,1.50%,-1.84%,-2.08%,-6.94%,-11.00%,46.47%
Pfizer,38.89,+0.15,+0.39%,2081000000,0.39%,-3.28%,-4.68%,-24.10%,-20.75%,9.00%
PG E,17.11,+0.06,+0.35%,1042000000,0.35%,1.30%,5.81%,5.23%,35.26%,68.74%
Philip Morris,99.97,+1.15,+1.16%,385000000,1.16%,2.25%,2.80%,-1.23%,-0.03%,36.42%
Phillips 66,99.00,+1.26,+1.29%,271000000,1.29%,-1.15%,-2.35%,-4.88%,14.11%,49.19%
Pinnacle West,78.46,-0.31,-0.39%,48440000,-0.39%,-2.64%,-0.98%,3.18%,10.20%,5.86%
Pioneer Natural,217.55,+4.74,+2.23%,257000000,2.23%,-3.22%,6.52%,-4.75%,-6.42%,162.36%
PNC Financial,130.25,+2.23,+1.74%,394000000,1.74%,5.57%,2.48%,-17.53%,-21.58%,26.49%
Pool,351.32,+9.23,+2.70%,40027000,2.70%,2.35%,2.59%,16.20%,-13.30%,62.63%
PPG Industries,140.26,+1.33,+0.96%,152000000,0.96%,-1.21%,5.00%,11.55%,9.59%,59.39%
PPL,28.72,-0.05,-0.17%,397000000,-0.17%,0.10%,3.35%,-1.71%,1.45%,15.48%
Principal Financial,74.69,+0.03,+0.04%,171000000,0.04%,-0.61%,0.50%,-11.00%,9.61%,112.79%
Procter&Gamble,156.38,-0.09,-0.06%,573000000,-0.06%,0.20%,5.17%,3.18%,-2.60%,33.86%
Progressive,136.40,+1.69,+1.25%,219000000,1.25%,-0.45%,-4.66%,5.16%,27.05%,79.05%
Prologis,125.25,+3.07,+2.51%,360000000,2.51%,1.35%,0.38%,11.11%,-21.86%,44.21%
Prudential Financial,87.00,+1.41,+1.65%,258000000,1.65%,1.51%,5.15%,-12.53%,-19.82%,46.12%
PTC,125.79,+2.45,+1.99%,105000000,1.99%,-0.63%,-1.90%,4.79%,10.14%,89.50%
Public Service Enterprise,63.20,-0.25,-0.39%,173000000,-0.39%,-1.39%,1.20%,3.15%,-9.27%,27.91%
Public Storage,294.83,+2.40,+0.82%,94875000,0.82%,2.20%,-2.42%,5.23%,-17.42%,59.92%
PulteGroup,67.15,+0.88,+1.33%,305000000,1.33%,6.88%,15.22%,47.49%,60.80%,146.51%
Qorvo Inc,92.08,+1.75,+1.94%,120000000,1.94%,-0.94%,-9.34%,1.59%,-19.07%,-1.15%
Qualcomm,116.80,+2.88,+2.53%,865000000,2.53%,-0.82%,-8.45%,6.24%,-16.39%,54.42%
Quanta Services,169.64,+0.67,+0.40%,72770000,0.40%,2.32%,1.80%,19.05%,46.27%,385.10%
Quest Diagnostics,138.81,-2.20,-1.56%,135000000,-1.56%,-4.39%,-1.89%,-11.27%,3.71%,27.57%
Ralph Lauren A,114.79,+0.05,+0.04%,59447000,0.04%,-0.28%,-1.61%,8.63%,10.02%,57.05%
Raymond James Financial,90.53,+1.14,+1.28%,313000000,1.28%,-5.46%,-2.94%,-15.27%,-7.11%,114.93%
Raytheon Technologies,99.90,+0.51,+0.51%,287000000,0.51%,-2.30%,2.01%,-1.01%,5.26%,63.48%
Realty Income,62.84,+0.81,+1.30%,346000000,1.30%,0.82%,-0.76%,-0.93%,-9.40%,21.34%
Regency Centers,61.43,+1.02,+1.69%,73140000,1.69%,1.17%,0.41%,-1.71%,-10.75%,50.12%
Regeneron Pharma,801.79,+9.50,+1.20%,47002000,1.20%,0.13%,-2.42%,11.13%,21.65%,52.58%
Regions Financial,18.26,+0.26,+1.44%,892000000,1.44%,-0.54%,-1.62%,-15.31%,-11.87%,79.55%
Republic Services,144.62,+6.93,+5.03%,215000000,5.03%,4.34%,6.95%,12.12%,7.71%,87.50%
ResMed,240.96,+15.66,+6.95%,125000000,6.95%,5.65%,10.03%,15.77%,20.50%,51.48%
Robert Half,73.00,-0.13,-0.18%,86821000,-0.18%,-0.41%,-9.40%,-1.12%,-25.75%,64.49%
Rockwell Automation,283.41,-0.21,-0.07%,84929000,-0.07%,2.89%,-3.42%,10.03%,12.17%,54.71%
Rollins,42.25,+0.65,+1.56%,203000000,1.56%,6.61%,12.58%,15.63%,25.97%,58.77%
Roper Technologies,454.78,+1.80,+0.40%,55569000,0.40%,2.10%,3.20%,5.25%,-3.22%,34.00%
Ross Stores,106.73,+1.18,+1.12%,142000000,1.12%,0.39%,0.57%,-8.05%,6.98%,19.98%
Royal Caribbean Cruises,65.43,+3.77,+6.11%,559000000,6.11%,3.82%,0.20%,32.37%,-15.82%,60.49%
S&P Global,362.58,+7.00,+1.97%,174000000,1.97%,3.09%,5.17%,8.25%,-3.70%,26.75%
Salesforce Inc,198.37,+2.43,+1.24%,409000000,1.24%,-0.33%,-0.71%,49.61%,12.75%,26.86%
SBA Communications,260.89,+4.04,+1.57%,87334000,1.57%,1.56%,-0.07%,-6.93%,-24.84%,-9.02%
Schlumberger,49.35,+1.39,+2.90%,862000000,2.90%,-0.90%,0.51%,-7.69%,26.51%,213.33%
Seagate,58.77,+1.97,+3.47%,285000000,3.47%,4.17%,-11.12%,11.71%,-28.36%,23.18%
Sealed Air,47.99,+0.91,+1.93%,90486000,1.93%,1.91%,4.53%,-3.79%,-25.26%,70.06%
Sempra Energy,155.49,-0.60,-0.38%,131000000,-0.38%,-0.84%,2.86%,0.61%,-3.64%,29.65%
ServiceNow Inc,459.42,+5.08,+1.12%,236000000,1.12%,-2.93%,-1.14%,18.32%,-3.91%,35.32%
Sherwin-Williams,237.54,+4.85,+2.08%,191000000,2.08%,1.67%,5.68%,0.09%,-13.61%,35.37%
Simon Property,113.32,+2.72,+2.46%,143000000,2.46%,2.40%,1.21%,-3.54%,-3.97%,79.30%
Skyworks,105.90,+1.99,+1.92%,162000000,1.92%,-0.77%,-10.24%,16.21%,-6.53%,7.15%
Snap-On,259.41,+0.01,+0.00%,28466000,0.00%,-1.37%,5.07%,13.53%,22.08%,109.12%
SolarEdge Technologies Inc,285.63,-3.52,-1.22%,157000000,-1.22%,-10.52%,-6.03%,0.83%,14.06%,172.13%
Southern,73.55,+0.04,+0.05%,460000000,0.05%,-0.08%,5.71%,3.00%,0.22%,35.18%
Southwest Airlines,30.29,+0.41,+1.37%,1092000000,1.37%,-5.79%,-6.91%,-10.04%,-35.17%,3.63%
Stanley Black Decker,86.34,+3.99,+4.85%,306000000,4.85%,7.93%,7.15%,14.94%,-28.14%,-18.93%
Starbucks,114.29,+1.54,+1.37%,596000000,1.37%,5.64%,9.76%,15.21%,53.12%,54.89%
State Street,72.26,+1.09,+1.53%,206000000,1.53%,-1.86%,-4.53%,-6.85%,7.90%,22.31%
Steel Dynamics,103.95,-0.42,-0.40%,125000000,-0.40%,-5.54%,-8.06%,6.40%,21.22%,325.85%
STERIS,188.55,+2.70,+1.45%,28076000,1.45%,0.79%,-1.43%,2.09%,-15.84%,33.35%
Stryker,299.65,+1.43,+0.48%,131000000,0.48%,-1.28%,4.97%,22.56%,24.20%,65.90%
Synchrony Financial,29.51,+0.16,+0.55%,473000000,0.55%,-0.71%,1.48%,-10.19%,-19.83%,59.43%
Synopsys,371.32,+2.93,+0.80%,74302000,0.80%,-1.57%,-3.87%,16.30%,29.47%,148.14%
Sysco,76.74,+1.66,+2.21%,272000000,2.21%,1.56%,-0.63%,0.38%,-10.22%,45.45%
T Rowe,112.33,+1.50,+1.35%,114000000,1.35%,0.33%,-0.50%,3.00%,-8.70%,1.71%
T-Mobile US,143.90,-6.04,-4.03%,936000000,-4.03%,-1.59%,-0.65%,2.79%,16.86%,66.94%
Take-Two,124.29,+0.34,+0.27%,151000000,0.27%,-0.56%,4.18%,19.36%,4.00%,1.34%
Tapestry,40.81,-0.04,-0.10%,375000000,-0.10%,-2.55%,-5.34%,7.17%,23.97%,169.20%
Targa Resources,75.53,+1.25,+1.68%,109000000,1.68%,-0.11%,3.54%,2.76%,2.89%,539.54%
Target,157.75,-0.40,-0.25%,342000000,-0.25%,-2.73%,-4.76%,5.84%,-31.01%,45.75%
TE Connectivity,122.37,+0.98,+0.81%,131000000,0.81%,-4.70%,-6.69%,6.59%,-1.93%,73.38%
Teledyne Technologies,414.40,+3.41,+0.83%,20274000,0.83%,-3.13%,-7.37%,3.62%,-3.97%,29.57%
Teleflex,272.52,+3.86,+1.44%,28409000,1.44%,1.23%,7.58%,9.17%,-4.59%,-17.26%
Teradyne,91.38,+1.01,+1.12%,164000000,1.12%,-6.75%,-15.00%,4.61%,-13.35%,57.96%
Tesla,164.31,+4.12,+2.57%,12200000000,2.57%,-0.47%,-20.80%,33.39%,-43.39%,251.47%
Texas Instruments,167.20,+1.93,+1.17%,656000000,1.17%,-5.55%,-10.11%,1.20%,-1.79%,52.40%
Textron,66.94,+1.38,+2.10%,263000000,2.10%,-1.46%,-5.22%,-5.45%,-3.34%,155.30%
The AES,23.66,+0.26,+1.09%,375000000,1.09%,-1.42%,-1.74%,-17.73%,15.87%,82.84%
Thermo Fisher Scientific,554.90,+11.88,+2.19%,202000000,2.19%,-2.94%,-3.73%,0.76%,0.36%,68.25%
TJX,78.82,-0.12,-0.15%,345000000,-0.15%,0.50%,0.59%,-0.98%,28.62%,63.36%
Tractor Supply,238.40,-0.69,-0.29%,140000000,-0.29%,-4.10%,1.43%,5.97%,18.34%,133.52%
Trane Technologies,185.81,+0.31,+0.17%,129000000,0.17%,5.02%,0.99%,10.54%,32.83%,114.04%
Transdigm,765.00,+5.86,+0.77%,16525000,0.77%,0.07%,3.79%,21.50%,28.61%,118.92%
Travelers,181.14,+0.89,+0.49%,104000000,0.49%,0.91%,5.68%,-3.39%,5.89%,88.59%
Trimble,47.10,+0.44,+0.94%,94184000,0.94%,-0.76%,-10.15%,-6.84%,-29.39%,43.34%
Truist Financial Corp,32.58,+1.20,+3.82%,1518000000,3.82%,3.53%,-4.46%,-24.29%,-32.62%,-8.07%
Tyler Technologies,379.03,-7.17,-1.86%,29908000,-1.86%,1.51%,6.88%,17.56%,-3.97%,20.41%
Tyson Foods,62.49,+1.21,+1.97%,294000000,1.97%,2.44%,5.34%,0.39%,-32.92%,4.13%
U.S. Bancorp,34.28,+1.71,+5.25%,2518000000,5.25%,2.27%,-4.91%,-21.39%,-29.41%,-1.89%
UDR,41.33,+0.24,+0.58%,277000000,0.58%,-0.48%,0.66%,6.71%,-22.33%,14.49%
Ulta Beauty,551.43,+3.66,+0.67%,45251000,0.67%,1.86%,1.06%,17.56%,38.97%,157.34%
Union Pacific,195.70,+2.16,+1.12%,181000000,1.12%,-1.58%,-2.76%,-5.49%,-16.47%,24.94%
United Airlines Holdings,43.80,+0.97,+2.26%,589000000,2.26%,-1.46%,-1.02%,16.18%,-13.27%,64.54%
United Parcel Service,179.81,+2.05,+1.15%,343000000,1.15%,-7.89%,-7.31%,3.43%,-0.09%,95.66%
United Rentals,361.11,+3.45,+0.96%,96715000,0.96%,-3.10%,-8.76%,1.60%,14.09%,202.74%
UnitedHealth,492.09,+1.62,+0.33%,239000000,0.33%,1.71%,4.13%,-7.18%,-3.24%,72.96%
Universal Health Services,150.35,+4.53,+3.11%,77292000,3.11%,7.42%,18.29%,6.71%,22.70%,51.64%
Valero Energy,114.67,+0.03,+0.03%,404000000,0.03%,-4.15%,-17.86%,-9.61%,2.86%,95.15%
Ventas,48.05,+0.91,+1.93%,217000000,1.93%,6.35%,10.84%,6.66%,-13.50%,58.42%
VeriSign,221.80,+4.90,+2.26%,74986000,2.26%,1.95%,4.95%,7.96%,24.13%,8.18%
Verisk,194.11,+2.01,+1.05%,86108000,1.05%,-1.36%,1.17%,10.03%,-4.87%,26.50%
Verizon,38.83,+0.04,+0.10%,1919000000,0.10%,4.05%,-0.15%,-1.45%,-16.13%,-31.67%
Vertex,340.73,+1.36,+0.40%,145000000,0.40%,2.91%,8.14%,17.99%,24.71%,33.67%
VF,23.51,+0.37,+1.60%,453000000,1.60%,2.75%,2.62%,-14.85%,-54.79%,-57.59%
Viatris,9.33,+0.07,+0.76%,690000000,0.76%,-3.32%,-3.01%,-16.17%,-9.68%,-42.14%
VICI Properties,33.94,+0.65,+1.95%,476000000,1.95%,1.83%,4.05%,4.75%,13.85%,104.95%
Visa A,232.73,+3.72,+1.62%,1162000000,1.62%,-0.56%,3.22%,12.02%,9.20%,32.56%
Vulcan Materials,175.12,+2.14,+1.24%,57647000,1.24%,2.33%,2.08%,0.01%,1.64%,58.22%
Walgreens Boots,35.25,+0.15,+0.43%,1188000000,0.43%,-0.06%,1.94%,-5.65%,-16.86%,-15.39%
Walmart,150.97,-0.41,-0.27%,469000000,-0.27%,-0.50%,2.39%,6.47%,-1.32%,22.82%
Walt Disney,102.50,+2.57,+2.57%,1128000000,2.57%,2.94%,2.37%,17.98%,-8.18%,-2.84%
Warner Bros Discovery,13.61,+0.52,+3.97%,1650000000,3.97%,0.22%,-9.87%,43.57%,-25.01%,-37.19%
Waste Management,166.05,+4.42,+2.73%,223000000,2.73%,0.54%,1.77%,5.85%,0.98%,69.08%
Waters,300.36,+2.02,+0.68%,59240000,0.68%,-2.13%,-2.99%,-12.32%,-0.88%,68.67%
WEC Energy,96.17,-0.36,-0.37%,110000000,-0.37%,-0.92%,1.46%,2.57%,-3.88%,8.72%
Wells Fargo&Co,39.75,+0.09,+0.23%,2017000000,0.23%,-3.61%,6.34%,-3.73%,-8.89%,44.07%
Welltower,79.22,+1.23,+1.58%,231000000,1.58%,4.75%,10.50%,20.85%,-12.76%,67.38%
West Pharmaceutical Services,361.24,+6.02,+1.69%,103000000,1.69%,-1.27%,4.26%,53.49%,14.66%,88.50%
Western Digital,34.44,+1.68,+5.13%,391000000,5.13%,2.99%,-8.57%,9.16%,-35.10%,-14.92%
Westinghouse Air Brake,97.67,-0.07,-0.07%,88459000,-0.07%,-2.76%,-3.35%,-2.14%,8.63%,79.51%
WestRock Co,29.93,+0.58,+1.98%,170000000,1.98%,-2.79%,-1.77%,-14.87%,-39.57%,-2.95%
Weyerhaeuser,29.91,+0.52,+1.77%,585000000,1.77%,-3.61%,-0.73%,-3.52%,-27.44%,66.44%
Whirlpool,139.59,+4.20,+3.10%,106000000,3.10%,-0.99%,5.73%,-1.32%,-23.10%,24.42%
Williams,30.26,+0.45,+1.51%,542000000,1.51%,1.10%,1.34%,-8.02%,-11.75%,63.13%
Willis Towers Watson,231.60,+5.79,+2.56%,116000000,2.56%,-4.00%,-0.34%,-5.31%,7.79%,26.32%
WR Berkley,58.92,+1.12,+1.94%,278000000,1.94%,2.43%,-5.36%,-18.81%,-11.39%,75.20%
WW Grainger,695.57,-0.79,-0.11%,44892000,-0.11%,3.80%,0.98%,25.05%,39.11%,159.87%
Wynn Resorts,114.28,+4.06,+3.68%,265000000,3.68%,0.15%,2.12%,38.57%,62.15%,41.38%
Xcel Energy,69.91,-0.35,-0.50%,228000000,-0.50%,-0.75%,3.66%,-0.29%,-4.57%,12.43%
Xylem,103.84,+0.01,+0.01%,191000000,0.01%,-0.45%,-0.82%,-6.09%,28.99%,49.86%
Yum! Brands,140.58,+0.78,+0.56%,154000000,0.56%,1.63%,6.44%,9.76%,20.14%,67.74%
Zebra,288.03,+3.91,+1.38%,42793000,1.38%,0.05%,-9.42%,12.33%,-22.08%,27.70%
Zimmer Biomet,138.44,+0.09,+0.07%,144000000,0.07%,0.38%,7.15%,8.58%,14.65%,19.09%
Zions,27.86,+1.28,+4.82%,565000000,4.82%,-5.08%,-6.92%,-43.33%,-50.70%,-9.84%
Zoetis Inc,175.78,+1.83,+1.05%,161000000,1.05%,-0.62%,5.61%,19.95%,-0.83%,37.83%